family	amino-acid change	mutant phenotype	HistMTR	REVEL	AlphaMissense	RGC-MTR	MPC	ProSST	ESM-1v
H2A	G4A	No phenotype	0.990089	0.299471	0.725036	0.898517	0.333076	5.030642	9.646191
H2A	G4D	No growth	0.990089	0.351286	0.974200	0.912081	0.632220	6.732797	12.371469
H2A	R29Q	No growth	0.171702	0.726143	0.990338	0.863900	0.815343	12.023989	12.436999
H2A	R29P	No growth	0.171702	0.773118	0.996436	0.860202	1.484476	13.028521	12.859852
H2A	H31Y	No phenotype	0.909460	0.464882	0.812182	0.864863	0.695765	4.054760	9.801764
H2A	G37A	No phenotype	0.991842	0.599471	0.951355	0.875615	0.969152	7.064848	11.833938
H2A	E56Q	No growth	0.748065	0.493353	0.984409	0.811659	1.292232	8.496511	11.750505
H2A	E56A	No growth	0.748065	0.588000	0.995482	0.817402	1.348564	9.528864	13.397635
H2A	E56K	No growth	0.748065	0.560647	0.998909	0.815437	1.402886	10.688804	12.097742
H2A	E61D	No growth	0.105036	0.518324	0.998427	0.781719	0.574197	4.316961	11.776555
H2A	E61A	No growth	0.105036	0.671882	0.997873	0.782988	0.970554	7.476313	14.366549
H2A	D72N	No growth	0.311533	0.365588	0.992218	0.683732	0.933186	6.192369	12.113022
H2A	D72A	No growth	0.311533	0.460706	0.996864	0.673567	1.244686	6.185824	13.596922
H2A	K74N	No phenotype	0.733620	0.503147	0.972909	0.678918	1.247790	6.410547	10.316490
H2A	K75N	Impaired growth	0.083038	0.520059	0.996755	0.653590	1.572530	7.245376	12.817891
H2A	D90N	No growth	0.222183	0.501588	0.997727	0.649487	0.985664	6.526487	11.565732
H2A	D90A	No growth	0.222183	0.653824	0.999582	0.649487	1.423282	11.856831	15.602572
H2A	E91K	No growth	0.445112	0.327294	0.970545	0.644297	1.433310	0.331553	11.556656
H2A	E91Q	No phenotype	0.445112	0.279059	0.897255	0.637247	1.288318	1.855909	11.091346
H2A	E91A	Impaired growth	0.445112	0.395176	0.926400	0.648979	1.370318	0.452073	11.670443
H2A	E92D	Impaired growth	0.209987	0.320618	0.986300	0.634571	1.205562	2.863002	11.507812
H2A	E92A	No growth	0.209987	0.428647	0.991927	0.634571	1.389218	5.615211	13.197167
H2A	E92K	No growth	0.209987	0.391471	0.997918	0.634571	1.470950	4.618227	12.797135
H2A	K119N	Impaired growth	0.522574	0.172971	0.893318	0.738948	0.778118	5.973827	10.217456
H2A	E121K	Impaired growth	0.660321	0.183882	0.422600	0.749818	0.635320	-0.800746	9.624956
H2A	E121Q	Impaired growth	0.660321	0.119647	0.195727	0.749818	0.497855	0.990219	8.395496
H2A	E121A	No phenotype	0.660321	0.187118	0.145900	0.756773	0.732476	0.236346	8.988765
H2B	E2A	No phenotype	0.787763	0.131846	0.169011	0.942323	0.448980	0.776550	7.242005
H2B	E2K	Impaired growth	0.787763	0.154692	0.432344	0.929749	0.324570	1.488972	8.414036
H2B	E2Q	Impaired growth	0.787763	0.127462	0.230267	0.922404	0.311511	3.287598	9.401191
H2B	P3A	No phenotype	0.997704	0.099500	0.048733	0.924681	0.141363	4.394151	7.554418
H2B	A4G	No phenotype	1.034478	0.109250	0.081750	0.955055	0.119430	4.409835	9.633285
H2B	S14A	No growth	0.988603	0.081588	0.080054	0.877771	0.271520	1.691013	8.540783
H2B	S14F	No phenotype	0.988603	0.183438	0.358892	0.885691	0.854033	6.356936	14.294712
H2B	D51A	No phenotype	0.686302	0.351529	0.938254	0.721608	1.499700	5.370706	11.526405
H2B	D51H	No phenotype	0.686302	0.342059	0.979138	0.710081	1.372270	5.828615	12.732209
H2B	G53D	No growth	0.397209	0.635471	0.997500	0.729098	1.409185	13.969840	12.561699
H2B	S64Y	No growth	0.621188	0.710625	0.977625	0.735250	2.089500	4.597362	13.298031
H2B	S64A	No phenotype	0.621188	0.445765	0.672277	0.741755	1.060685	2.513033	10.490711
H2B	D68A	No growth	0.666033	0.419706	0.998815	0.765351	1.524632	7.815210	12.869558
H2B	D68N	No growth	0.666033	0.259471	0.995131	0.765351	1.359767	7.195471	10.664628
H2B	F70L	No phenotype	0.287136	0.400373	0.997854	0.786856	1.626372	3.119549	9.875160
H2B	E71A	Impaired growth	0.471446	0.346353	0.969523	0.782088	1.554480	4.667372	12.179108
H2B	E71Q	Impaired growth	0.471446	0.244118	0.892100	0.786403	1.202408	6.068083	10.616888
H2B	E71K	No growth	0.471446	0.335235	0.991692	0.786010	1.534425	5.363036	11.155048
H2B	E76A	Impaired growth	0.119537	0.447235	0.986992	0.799711	1.896450	7.293391	14.893110
H2B	E76Q	No phenotype	0.119537	0.370059	0.982131	0.799711	1.779260	6.443992	13.295015
H2B	E76K	No growth	0.119537	0.373941	0.997015	0.799711	1.717755	8.513409	13.656167
H2B	H109Y	Impaired growth	0.221705	0.341647	0.995654	0.614309	1.672505	3.602827	10.119062
H2B	E113A	No growth	0.315724	0.289882	0.990546	0.584399	1.413595	2.043947	13.166054
H2B	E113K	No growth	0.315724	0.212412	0.998831	0.584399	1.106633	2.115443	11.932438
H2B	E113Q	Impaired growth	0.315724	0.224118	0.991708	0.616425	1.016640	2.499463	12.403733
H3	K4M	No phenotype	0.821546	0.327769	0.901233	0.754447	1.618767	14.794657	14.752401
H3	S10A	No phenotype	0.625947	0.256500	0.372467	0.759344	0.445390	7.411541	9.881052
H3	S10F	No growth	0.625947	0.352600	0.967100	0.710065	1.811733	11.567866	12.651800
H3	P16A	No phenotype	0.602924	0.324429	0.649533	0.758787	1.841733	7.730132	12.146816
H3	P16L	No phenotype	0.602924	0.336143	0.783000	0.743262	2.214633	8.833612	12.187805
H3	P30A	No phenotype	0.840843	0.282571	0.244933	0.743622	0.346863	3.676591	10.716881
H3	K36M	No growth	0.290101	0.302333	0.849933	0.747956	1.068900	9.978324	14.007663
H3	Y41C	No growth	0.305246	0.390571	0.804333	0.729817	1.130010	9.971689	11.415437
H3	E50Q	Impaired growth	0.370282	0.363500	0.816067	0.729570	1.437237	13.435701	12.290195
H3	E50D	No phenotype	0.370282	0.326893	0.799467	0.729570	1.176760	9.384768	11.166633
H3	E50A	Impaired growth	0.370282	0.516071	0.879533	0.729570	1.531917	15.478933	13.166469
H3	E50K	No growth	0.370282	0.492286	0.898567	0.729570	1.620523	10.744961	12.740906
H3	E73K	Impaired growth	0.500657	0.482500	0.855833	0.851104	1.637387	6.015736	12.066224
H3	E73A	No phenotype	0.500657	0.500214	0.831167	0.851104	1.544057	7.941147	13.738876
H3	E73Q	No phenotype	0.500657	0.342571	0.769533	0.851104	1.450430	3.998614	12.382295
H3	D81A	Impaired growth	0.612514	0.466929	0.762467	0.872017	1.094357	13.321518	13.984791
H3	D81N	Impaired growth	0.612514	0.304143	0.649800	0.872017	0.514363	8.686497	11.689024
H3	R83C	No phenotype	0.679031	0.756857	0.746333	0.853645	1.474907	10.038326	11.578962
H3	E97A	No growth	0.213671	0.825571	0.871167	0.841884	1.546617	9.815399	13.570388
H3	E97K	No growth	0.213671	0.786214	0.849600	0.841884	1.643247	9.677992	11.135502
H3	E105K	No growth	0.493133	0.708071	0.810800	0.858526	1.628927	6.483778	12.418641
H3	E105Q	No growth	0.493133	0.584643	0.666067	0.858526	1.437237	6.435890	11.787033
H3	E105A	No growth	0.493133	0.760500	0.749067	0.858526	1.538273	7.822497	12.532552
H3	D106N	Impaired growth	0.758954	0.328643	0.885733	0.851597	1.372310	10.594337	12.186140
H3	D106A	No growth	0.758954	0.532571	0.938633	0.851597	1.713300	10.679859	13.996463
H3	T118A	No growth	0.600054	0.718643	0.826533	0.879061	0.293452	7.978123	13.482358
H3	E133Q	No phenotype	0.750447	0.220500	0.754133	0.894230	1.388107	3.530720	10.542802
H3	E133A	No phenotype	0.750447	0.285429	0.815000	0.894230	1.515530	5.769227	11.725178
H3	E133K	No phenotype	0.750447	0.261071	0.857633	0.894230	1.585577	4.534657	10.178887
H4	R3G	No phenotype	0.732274	0.165929	0.580800	0.885165	0.464288	6.214088	11.029315
H4	G4D	No phenotype	0.817504	0.398417	0.975700	0.898206	0.441040	8.650965	11.852424
H4	G4A	No phenotype	0.817504	0.356857	0.820900	0.926494	0.244613	5.353443	10.607451
H4	K20E	No phenotype	0.434507	0.473286	0.981200	0.862381	0.311561	7.242832	13.359102
H4	G42A	No growth	0.424981	0.543786	0.988400	0.803465	0.762070	8.883965	13.865304
H4	G42R	No growth	0.424981	0.583133	0.998300	0.788598	0.938365	8.059544	12.569662
H4	G42V	No growth	0.424981	0.606143	0.998800	0.773882	1.041730	11.125837	14.091681
H4	E63K	No growth	0.682877	0.585643	0.977400	0.846399	0.400214	4.341458	11.419386
H4	E63A	No phenotype	0.682877	0.569857	0.929800	0.851567	0.623440	4.619453	12.786214
H4	E63D	No phenotype	0.682877	0.463679	0.865900	0.857186	0.178509	4.202298	10.948473
H4	E63Q	No phenotype	0.682877	0.511071	0.793000	0.840250	0.515810	4.492568	10.879433
H4	D68Y	No phenotype	0.887764	0.697714	0.990600	0.851402	1.014905	13.519863	14.057523
H4	D68A	No phenotype	0.887764	0.711429	0.994700	0.851402	0.837035	9.425122	14.270794
H4	D68H	No phenotype	0.887764	0.711786	0.997000	0.851402	0.846663	11.103262	13.554280
H4	K91R	Impaired growth	0.000000	0.316857	0.324700	0.761546	0.336783	2.539794	10.225566
H4	K91N	No growth	0.000000	0.451714	0.995700	0.761546	0.779865	4.965337	12.776935
H4	K91E	No growth	0.000000	0.604214	0.989300	0.761546	0.603905	4.945968	13.367730
H4	K91Q	No growth	0.000000	0.510429	0.932000	0.761546	0.497258	4.786751	12.712811
