gene group,species,region,mutation,density
RIHGs,human,transcript,C>A&G>T,0.03496255364140276
RIHGs,human,transcript,C>A&G>T(CpG),0.08211702843703868
RIHGs,human,transcript,C>G&G>C,0.042728436728742596
RIHGs,human,transcript,C>G&G>C(CpG),0.08849194259377213
RIHGs,human,transcript,C>T&G>A,0.12675805683908098
RIHGs,human,transcript,C>T&G>A(CpG),0.8209591478715162
RIHGs,human,transcript,T>A&A>T,0.01942694014410803
RIHGs,human,transcript,T>C&A>G,0.08917038857592527
RIHGs,human,transcript,T>G&A>C,0.025664853989833376
Expressed genes,human,transcript,C>A&G>T,0.04242534540070627
Expressed genes,human,transcript,C>A&G>T(CpG),0.09603644109784139
Expressed genes,human,transcript,C>G&G>C,0.04569601356713603
Expressed genes,human,transcript,C>G&G>C(CpG),0.0817820266989122
Expressed genes,human,transcript,C>T&G>A,0.12872158239738588
Expressed genes,human,transcript,C>T&G>A(CpG),1.4327825557638902
Expressed genes,human,transcript,T>A&A>T,0.022568531909585157
Expressed genes,human,transcript,T>C&A>G,0.09467432068749541
Expressed genes,human,transcript,T>G&A>C,0.026477134037318256
Unexpressed genes,human,transcript,C>A&G>T,0.046339198767828646
Unexpressed genes,human,transcript,C>A&G>T(CpG),0.10849366949359389
Unexpressed genes,human,transcript,C>G&G>C,0.04326568756457007
Unexpressed genes,human,transcript,C>G&G>C(CpG),0.08553301010748789
Unexpressed genes,human,transcript,C>T&G>A,0.13112427325336629
Unexpressed genes,human,transcript,C>T&G>A(CpG),1.3363631980060648
Unexpressed genes,human,transcript,T>A&A>T,0.02344011451438493
Unexpressed genes,human,transcript,T>C&A>G,0.09239076953700412
Unexpressed genes,human,transcript,T>G&A>C,0.025676913261658607
RDHGs,human,transcript,C>A&G>T,0.06137470928329416
RDHGs,human,transcript,C>A&G>T(CpG),0.08458059203813977
RDHGs,human,transcript,C>G&G>C,0.10400553709630035
RDHGs,human,transcript,C>G&G>C(CpG),0.1014111012476009
RDHGs,human,transcript,C>T&G>A,0.3529353305191314
RDHGs,human,transcript,C>T&G>A(CpG),0.3579173253701651
RDHGs,human,transcript,T>A&A>T,0.03920681272625154
RDHGs,human,transcript,T>C&A>G,0.17697914852769345
RDHGs,human,transcript,T>G&A>C,0.05029494897757427
RIHGs,human,4dsite,C>A&G>T,0.02337608216335545
RIHGs,human,4dsite,C>A&G>T(CpG),0.061594151985088226
RIHGs,human,4dsite,C>G&G>C,0.03964580406741697
RIHGs,human,4dsite,C>G&G>C(CpG),0.09637551179405947
RIHGs,human,4dsite,C>T&G>A,0.11868332215133964
RIHGs,human,4dsite,C>T&G>A(CpG),0.589008397094898
RIHGs,human,4dsite,T>A&A>T,0.020726387351420333
RIHGs,human,4dsite,T>C&A>G,0.07539303339065306
RIHGs,human,4dsite,T>G&A>C,0.006207108526523221
Expressed genes,human,4dsite,C>A&G>T,0.025293083713098283
Expressed genes,human,4dsite,C>A&G>T(CpG),0.07753994741920085
Expressed genes,human,4dsite,C>G&G>C,0.03138372217910928
Expressed genes,human,4dsite,C>G&G>C(CpG),0.07753742447466727
Expressed genes,human,4dsite,C>T&G>A,0.09509038111224816
Expressed genes,human,4dsite,C>T&G>A(CpG),0.813062409921055
Expressed genes,human,4dsite,T>A&A>T,0.013611237146578945
Expressed genes,human,4dsite,T>C&A>G,0.06583066903444369
Expressed genes,human,4dsite,T>G&A>C,0.01801239472284535
Unexpressed genes,human,4dsite,C>A&G>T,0.02957774211650723
Unexpressed genes,human,4dsite,C>A&G>T(CpG),0.09573174118404511
Unexpressed genes,human,4dsite,C>G&G>C,0.029259299274635466
Unexpressed genes,human,4dsite,C>G&G>C(CpG),0.08639403099271636
Unexpressed genes,human,4dsite,C>T&G>A,0.09513879249525733
Unexpressed genes,human,4dsite,C>T&G>A(CpG),0.7373330497648678
Unexpressed genes,human,4dsite,T>A&A>T,0.01607796773132315
Unexpressed genes,human,4dsite,T>C&A>G,0.0633488945764239
Unexpressed genes,human,4dsite,T>G&A>C,0.018116237133573184
RDHGs,human,4dsite,C>A&G>T,0.05244398421261012
RDHGs,human,4dsite,C>A&G>T(CpG),0.11745635734179877
RDHGs,human,4dsite,C>G&G>C,0.08536376895331003
RDHGs,human,4dsite,C>G&G>C(CpG),0.14601020438395929
RDHGs,human,4dsite,C>T&G>A,0.2903367816473545
RDHGs,human,4dsite,C>T&G>A(CpG),0.48800665693975176
RDHGs,human,4dsite,T>A&A>T,0.029739515803422035
RDHGs,human,4dsite,T>C&A>G,0.13111026701269596
RDHGs,human,4dsite,T>G&A>C,0.06610550330799285
