gene group,species,region,mutation,asymmetry score,asymmetry score log
RDHGs,human,transcript,C>A,0.8264146926461073,-0.2750621910967241
RDHGs,human,transcript,C>G,1.3001822478094247,0.37871386139416935
RDHGs,human,transcript,C>T,1.4229090121457246,0.5088434117428147
RDHGs,human,transcript,T>A,1.1069554177972858,0.1465971193028869
RDHGs,human,transcript,T>C,0.8202270942250968,-0.2859046944817112
RDHGs,human,transcript,T>G,0.9292672675522677,-0.10583450353498725
Unexpressed genes,human,transcript,C>A,0.9587102920031834,-0.06083317477914499
Unexpressed genes,human,transcript,C>G,1.0580164698366263,0.08136208564351165
Unexpressed genes,human,transcript,C>T,0.9946269151424783,-0.0077726231100614515
Unexpressed genes,human,transcript,T>A,0.9403503772515058,-0.08872968560938765
Unexpressed genes,human,transcript,T>C,0.8781402003773374,-0.18747680177623702
Unexpressed genes,human,transcript,T>G,0.9997413250459392,-0.0003732373490842885
Expressed genes,human,transcript,C>A,0.8402475898994335,-0.25111359546193646
Expressed genes,human,transcript,C>G,1.2775345665899072,0.35336232707144727
Expressed genes,human,transcript,C>T,1.0381211072642134,0.05397475839485741
Expressed genes,human,transcript,T>A,0.8237529897884861,-0.2797162985357842
Expressed genes,human,transcript,T>C,0.6463259338374471,-0.6296662139507073
Expressed genes,human,transcript,T>G,0.9936537327388553,-0.009184904159220932
RDHGs,human,4dsite,C>A,0.8772877626242308,-0.18887795048943967
RDHGs,human,4dsite,C>G,1.4362945560830827,0.5223516482016227
RDHGs,human,4dsite,C>T,1.511581025793724,0.5960583143131153
RDHGs,human,4dsite,T>A,1.3165058266616938,0.39671390655475325
RDHGs,human,4dsite,T>C,0.8800562156571776,-0.18433241266074177
RDHGs,human,4dsite,T>G,1.0297101479402258,0.042238291798235045
Expressed genes,human,4dsite,C>A,0.8104316948121207,-0.30323749792733523
Expressed genes,human,4dsite,C>G,1.5478960805186373,0.6303086180243448
Expressed genes,human,4dsite,C>T,1.2211363089887268,0.2882242497323826
Expressed genes,human,4dsite,T>A,0.7102436060496276,-0.49361415624025534
Expressed genes,human,4dsite,T>C,0.46847144686989634,-1.0939669759560242
Expressed genes,human,4dsite,T>G,1.0060813891913798,0.008747019888162002
Unexpressed genes,human,4dsite,C>A,0.9507682109299996,-0.07283442751397261
Unexpressed genes,human,4dsite,C>G,1.2063140017856357,0.2706054875490104
Unexpressed genes,human,4dsite,C>T,1.10645338874175,0.14594267640098488
Unexpressed genes,human,4dsite,T>A,0.7774995767565791,-0.3630862049963416
Unexpressed genes,human,4dsite,T>C,0.6977046903450271,-0.5193115626429858
Unexpressed genes,human,4dsite,T>G,0.9723694232335935,-0.040423567257900146
RDHGs,human,UTR,C>A,0.5789580078797611,-0.7884693822869907
RDHGs,human,UTR,C>G,1.1742347608878032,0.23172087055183818
RDHGs,human,UTR,C>T,1.4761861375348222,0.5618746473923057
RDHGs,human,UTR,T>A,0.5640522884538609,-0.8260991861703029
RDHGs,human,UTR,T>C,0.6043776520887462,-0.7264777795481218
RDHGs,human,UTR,T>G,0.9508530099106484,-0.07270575933589941
Unexpressed genes,human,UTR,C>A,1.018867493562819,0.02696643736229696
Unexpressed genes,human,UTR,C>G,1.0732615432380304,0.10200168947123042
Unexpressed genes,human,UTR,C>T,0.9969769268569659,-0.0043679783222844906
Unexpressed genes,human,UTR,T>A,0.9949582937622564,-0.007292042239544647
Unexpressed genes,human,UTR,T>C,0.9871950107702162,-0.018592991683718592
Unexpressed genes,human,UTR,T>G,0.9813328259477166,-0.02718557525310085
Expressed genes,human,UTR,C>A,0.882208065906911,-0.18080914403476014
Expressed genes,human,UTR,C>G,1.223327568234804,0.29081076346559614
Expressed genes,human,UTR,C>T,1.2854172908436197,0.36223678408944476
Expressed genes,human,UTR,T>A,0.8921714006139074,-0.16460719296932683
Expressed genes,human,UTR,T>C,0.7193416420995175,-0.4752509719287647
Expressed genes,human,UTR,T>G,1.011482132627216,0.01647083556818923
