gene group	species	mutation	mutation total num	total site	total mask
RDH	arabidopsis	C>A&G>T	5	289	9
RDH	arabidopsis	C>A&G>T(CpG)	10	332	4
RDH	arabidopsis	C>G&G>C	9	289	2
RDH	arabidopsis	C>G&G>C(CpG)	4	332	6
RDH	arabidopsis	C>T&G>A	21	289	11
RDH	arabidopsis	C>T&G>A(CpG)	20	332	12
RDH	arabidopsis	T>A&A>T	23	1192	12
RDH	arabidopsis	T>C&A>G	21	1192	17
RDH	arabidopsis	T>G&A>C	24	1192	10
other_gene	arabidopsis	C>A&G>T	18668	1055867	11811
other_gene	arabidopsis	C>A&G>T(CpG)	13774	571728	9222
other_gene	arabidopsis	C>G&G>C	13875	1055867	8526
other_gene	arabidopsis	C>G&G>C(CpG)	10850	571728	6505
other_gene	arabidopsis	C>T&G>A	47010	1055867	25305
other_gene	arabidopsis	C>T&G>A(CpG)	49093	571728	26281
other_gene	arabidopsis	T>A&A>T	41725	3075880	27550
other_gene	arabidopsis	T>C&A>G	53976	3075880	39938
other_gene	arabidopsis	T>G&A>C	29644	3075880	20436
RDH	cunner	C>A&G>T	14	957	19
RDH	cunner	C>A&G>T(CpG)	7	341	12
RDH	cunner	C>G&G>C	15	957	21
RDH	cunner	C>G&G>C(CpG)	6	341	13
RDH	cunner	C>T&G>A	32	957	38
RDH	cunner	C>T&G>A(CpG)	21	341	20
RDH	cunner	T>A&A>T	20	831	29
RDH	cunner	T>C&A>G	20	831	55
RDH	cunner	T>G&A>C	11	831	31
other_gene	cunner	C>A&G>T	30889	2758538	20451
other_gene	cunner	C>A&G>T(CpG)	12003	616271	9482
other_gene	cunner	C>G&G>C	29126	2758538	25615
other_gene	cunner	C>G&G>C(CpG)	12078	616271	11415
other_gene	cunner	C>T&G>A	39955	2758538	32959
other_gene	cunner	C>T&G>A(CpG)	30850	616271	25243
other_gene	cunner	T>A&A>T	28052	2811171	23669
other_gene	cunner	T>C&A>G	43420	2811171	49491
other_gene	cunner	T>G&A>C	37864	2811171	32792
RDH	barnowl	C>A&G>T	4	684	5
RDH	barnowl	C>A&G>T(CpG)	1	459	2
RDH	barnowl	C>G&G>C	2	684	8
RDH	barnowl	C>G&G>C(CpG)	3	459	2
RDH	barnowl	C>T&G>A	12	684	25
RDH	barnowl	C>T&G>A(CpG)	13	459	31
RDH	barnowl	T>A&A>T	1	137	1
RDH	barnowl	T>C&A>G	2	137	21
RDH	barnowl	T>G&A>C	0	137	2
other_gene	barnowl	C>A&G>T	1810	1750640	3140
other_gene	barnowl	C>A&G>T(CpG)	943	401812	2166
other_gene	barnowl	C>G&G>C	1745	1750640	4009
other_gene	barnowl	C>G&G>C(CpG)	645	401812	1776
other_gene	barnowl	C>T&G>A	5822	1750640	11875
other_gene	barnowl	C>T&G>A(CpG)	18305	401812	38741
other_gene	barnowl	T>A&A>T	1275	1951525	2694
other_gene	barnowl	T>C&A>G	3485	1951525	15327
other_gene	barnowl	T>G&A>C	1088	1951525	2956
RDH	ninestick	C>A&G>T	5	1059	5
RDH	ninestick	C>A&G>T(CpG)	0	456	3
RDH	ninestick	C>G&G>C	1	1059	5
RDH	ninestick	C>G&G>C(CpG)	1	456	0
RDH	ninestick	C>T&G>A	11	1059	13
RDH	ninestick	C>T&G>A(CpG)	2	456	21
RDH	ninestick	T>A&A>T	8	691	13
RDH	ninestick	T>C&A>G	9	691	26
RDH	ninestick	T>G&A>C	4	691	12
other_gene	ninestick	C>A&G>T	4857	3118936	9449
other_gene	ninestick	C>A&G>T(CpG)	2956	1120829	6740
other_gene	ninestick	C>G&G>C	3570	3118936	11179
other_gene	ninestick	C>G&G>C(CpG)	1433	1120829	6065
other_gene	ninestick	C>T&G>A	8969	3118936	19126
other_gene	ninestick	C>T&G>A(CpG)	12222	1120829	24572
other_gene	ninestick	T>A&A>T	1991	2050669	7124
other_gene	ninestick	T>C&A>G	3273	2050669	25992
other_gene	ninestick	T>G&A>C	2120	2050669	11260
RDH	mouse	C>A&G>T	33	1467	29
RDH	mouse	C>A&G>T(CpG)	22	653	30
RDH	mouse	C>G&G>C	20	1467	45
RDH	mouse	C>G&G>C(CpG)	19	653	56
RDH	mouse	C>T&G>A	78	1467	127
RDH	mouse	C>T&G>A(CpG)	66	653	108
RDH	mouse	T>A&A>T	16	630	11
RDH	mouse	T>C&A>G	22	630	67
RDH	mouse	T>G&A>C	13	630	11
other_gene	mouse	C>A&G>T	14822	2404384	12936
other_gene	mouse	C>A&G>T(CpG)	8480	420716	8110
other_gene	mouse	C>G&G>C	7188	2404384	9000
other_gene	mouse	C>G&G>C(CpG)	7303	420716	7929
other_gene	mouse	C>T&G>A	75050	2404384	54400
other_gene	mouse	C>T&G>A(CpG)	57995	420716	63120
other_gene	mouse	T>A&A>T	9491	2303092	11258
other_gene	mouse	T>C&A>G	18927	2303092	46606
other_gene	mouse	T>G&A>C	6710	2303092	12171
RDH	amphioxus	C>A&G>T	100	1058	67
RDH	amphioxus	C>A&G>T(CpG)	38	390	18
RDH	amphioxus	C>G&G>C	61	1058	52
RDH	amphioxus	C>G&G>C(CpG)	19	390	18
RDH	amphioxus	C>T&G>A	177	1058	203
RDH	amphioxus	C>T&G>A(CpG)	76	390	110
RDH	amphioxus	T>A&A>T	62	834	69
RDH	amphioxus	T>C&A>G	87	834	164
RDH	amphioxus	T>G&A>C	53	834	53
other_gene	amphioxus	C>A&G>T	189152	2486885	174105
other_gene	amphioxus	C>A&G>T(CpG)	82653	909313	93066
other_gene	amphioxus	C>G&G>C	122900	2486885	151001
other_gene	amphioxus	C>G&G>C(CpG)	63356	909313	88704
other_gene	amphioxus	C>T&G>A	337006	2486885	408470
other_gene	amphioxus	C>T&G>A(CpG)	127420	909313	370367
other_gene	amphioxus	T>A&A>T	142878	2489469	172972
other_gene	amphioxus	T>C&A>G	204003	2489469	382388
other_gene	amphioxus	T>G&A>C	104402	2489469	154135
RDH	human	C>A&G>T	130	2192	17
RDH	human	C>A&G>T(CpG)	104	959	18
RDH	human	C>G&G>C	213	2192	42
RDH	human	C>G&G>C(CpG)	151	959	25
RDH	human	C>T&G>A	702	2192	104
RDH	human	C>T&G>A(CpG)	390	959	82
RDH	human	T>A&A>T	75	1383	13
RDH	human	T>C&A>G	250	1383	54
RDH	human	T>G&A>C	115	1383	17
other_gene	human	C>A&G>T	74486	2252679	8056
other_gene	human	C>A&G>T(CpG)	38841	458123	4337
other_gene	human	C>G&G>C	91059	2252679	10061
other_gene	human	C>G&G>C(CpG)	39435	458123	5262
other_gene	human	C>T&G>A	273988	2252679	30493
other_gene	human	C>T&G>A(CpG)	233433	458123	56789
other_gene	human	T>A&A>T	38661	2038791	4880
other_gene	human	T>C&A>G	167486	2038791	23534
other_gene	human	T>G&A>C	53761	2038791	8380
RDH	monkey	C>A&G>T	12	1942	6
RDH	monkey	C>A&G>T(CpG)	10	827	3
RDH	monkey	C>G&G>C	12	1942	9
RDH	monkey	C>G&G>C(CpG)	18	827	6
RDH	monkey	C>T&G>A	62	1942	25
RDH	monkey	C>T&G>A(CpG)	32	827	18
RDH	monkey	T>A&A>T	10	1292	2
RDH	monkey	T>C&A>G	26	1292	25
RDH	monkey	T>G&A>C	4	1292	3
other_gene	monkey	C>A&G>T	6018	2303905	2454
other_gene	monkey	C>A&G>T(CpG)	3429	439245	1634
other_gene	monkey	C>G&G>C	6626	2303905	3352
other_gene	monkey	C>G&G>C(CpG)	3536	439245	2071
other_gene	monkey	C>T&G>A	26838	2303905	10926
other_gene	monkey	C>T&G>A(CpG)	42254	439245	18077
other_gene	monkey	T>A&A>T	3035	2184384	1632
other_gene	monkey	T>C&A>G	14526	2184384	13807
other_gene	monkey	T>G&A>C	4381	2184384	2783
RDH	chicken	C>A&G>T	2	515	1
RDH	chicken	C>A&G>T(CpG)	1	338	4
RDH	chicken	C>G&G>C	2	515	7
RDH	chicken	C>G&G>C(CpG)	1	338	7
RDH	chicken	C>T&G>A	5	515	16
RDH	chicken	C>T&G>A(CpG)	7	338	24
RDH	chicken	T>A&A>T	1	229	3
RDH	chicken	T>C&A>G	2	229	18
RDH	chicken	T>G&A>C	1	229	6
other_gene	chicken	C>A&G>T	1427	1696665	4377
other_gene	chicken	C>A&G>T(CpG)	623	376127	2518
other_gene	chicken	C>G&G>C	1535	1696665	5054
other_gene	chicken	C>G&G>C(CpG)	506	376127	1842
other_gene	chicken	C>T&G>A	5608	1696665	17958
other_gene	chicken	C>T&G>A(CpG)	13489	376127	42324
other_gene	chicken	T>A&A>T	1332	1876295	4863
other_gene	chicken	T>C&A>G	3842	1876295	27449
other_gene	chicken	T>G&A>C	977	1876295	4525
RDH	honeybee	C>A&G>T	0	90	0
RDH	honeybee	C>A&G>T(CpG)	2	64	0
RDH	honeybee	C>G&G>C	0	90	0
RDH	honeybee	C>G&G>C(CpG)	0	64	0
RDH	honeybee	C>T&G>A	3	90	1
RDH	honeybee	C>T&G>A(CpG)	3	64	2
RDH	honeybee	T>A&A>T	1	766	1
RDH	honeybee	T>C&A>G	0	766	1
RDH	honeybee	T>G&A>C	0	766	0
other_gene	honeybee	C>A&G>T	1298	417829	1067
other_gene	honeybee	C>A&G>T(CpG)	1422	377621	1332
other_gene	honeybee	C>G&G>C	1520	417829	1983
other_gene	honeybee	C>G&G>C(CpG)	1284	377621	1699
other_gene	honeybee	C>T&G>A	24683	417829	10762
other_gene	honeybee	C>T&G>A(CpG)	24048	377621	9244
other_gene	honeybee	T>A&A>T	2269	1535110	1942
other_gene	honeybee	T>C&A>G	5642	1535110	9874
other_gene	honeybee	T>G&A>C	1271	1535110	1895
