family	description	MSA-MTR	#DD DNMs	DD DNMs	RGC AAC	#possible variants	DECIPHER full	DECIPHER phenotypes
H2A	H2AS1	1.050106984	1	H2AC16:W	S1W:0	S1W:2		
H2A	H2AG8	0.77425701	1	H2AC15:R	G8R:19	G8R:16		
H2A	H2AR17	0.632407479	1	H2AC6:P	R17P:1	R17P:14		
H2A	H2AS19	1.042222406	1	H2AC8:A	S19A:1	S19A:14		
H2A	H2AR29	0.256236701	1	H2AC11:L	R29L:0	R29L:14		
H2A	H2AR32	0.441314421	1	H2AC4:C	R32C:36	R32C:11		
H2A	H2AN38	1.050380383	1	H2AC1:S	N38S:102	N38S:15		
H2A	H2AE56	0.798835704	1	H2AC8:Q	E56Q:2	E56Q:12		
H2A	H2AE61	0.152519399	1	H2AC8:A	E61A:0	E61A:12		
H2A	H2AG67	0.709463287	2	H2AC6:D|H2AC6:V	G67D:19|G67V:0	G67D:13|G67V:13		
H2A	H2AA69	0.571850569	1	H2AC8:V	A69V:10	A69V:14		
H2A	H2AI87	0.762572158	1	H2AC12:V	I87V:409	I87V:13		
H2A	H2AE92	0.238756391	1	H2AC6:K	E92K:0	E92K:14	H2AC6:E92A	Delayed speech and language development ; Intellectual disability, mild
H2A	H2AL96	0.32641539	1	H2AC1:F	L96F:8	L96F:8		
H2A	H2AG105	0.326131518	3	H2AC20:V|H2AC21:R|H2AC6:D	G105R:0|G105D:0|G105V:0	G105D:15|G105R:15|G105V:15		
H2B	H2BP3	1.060678345	1	H2BC3:L	P3L:784	P3L:16		
H2B	H2BA7	1.067815536	1	H2BC5:T	A7T:10	A7T:17		
H2B	H2BK20	1.04879538	1	H2BC12:T	K20T:15	K20T:16		
H2B	H2BY37	1.054753242	1	H2BC5:C	Y37C:22	Y37C:17		
H2B	H2BY40	0.366330934	2	H2BC5:D|H2BC7:S	Y40D:0|Y40S:0	Y40D:17|Y40S:17		
H2B	H2BK43	0.466148225	1	H2BC11:R	K43R:32	K43R:17		
H2B	H2BH49	0.787613122	1	H2BC8:Y	H49Y:28	H49Y:17		
H2B	H2BG53	0.49096907	1	H2BC9:A	G53A:3	G53A:16		
H2B	H2BS55	0.784062393	1	H2BC3:L	S55L:14	S55L:10		
H2B	H2BS112	0.163908617	1	H2BC9:Y	S112Y:0	S112Y:8		
H2B	H2BT115	0.573937862	1	H2BC26:S	T115S:13	T115S:29		
H2B	H2BT119	0.689743882	2	H2BC4:I|H2BC8:I	T119I:0	T119I:15		
H2B	H2BS124	0.749778121	1	H2BC8:F	S124F:6	S124F:13		
H3	H3R17	0.454473703	1	H3-4:C	R17C:24	R17C:10		
H3	H3G34	0.334221605	1	H3C2:D	G34D:6	G34D:11		
H3	H3R49	0.56428577	1	H3C4:S	R49S:0	R49S:11		
H3	H3S57	0.699266261	1	H3C8:P	S57P:0	S57P:11		
H3	H3A88	0.458638829	1	H3C1:T	A88T:42	A88T:12		
H3	H3C96	0.873662863	1	H3C11:W	C96W:2	C96W:11		
H3	H3E105	0.573182047	1	H3C2:K	E105K:3	E105K:11		
H3	H3L109	1.024035593	1	H3C10:M	L109M:3	L109M:8		
H3	H3G132	0.914260577	2	H3C2:R|H3C2:R	G132R:45	G132R:22		
H4	H4S1	1.105490192	1	H4C12:F	S1F:156	S1F:9		
H4	H4G4	0.837491413	1	H4C8:D	G4D:70	G4D:10		
H4	H4A15	0.828549694	1	H4C8:V	A15V:12	A15V:10		
H4	H4V21	0.69355508	1	H4C5:I	V21I:4	V21I:4		
H4	H4P32	0.727617716	3	H4C3:A|H4C5:L|H4C13:A	P32A:4|P32L:13	P32A:10|P32L:10		
H4	H4R35	0.668966422	1	H4C3:C	R35C:19	R35C:4		
H4	H4A38	1.071108299	1	H4C5:V	A38V:89	A38V:10		
H4	H4R40	0.061218615	4	H4C5:C|H4C5:C|H4C9:L|H4C11:G	R40C:0|R40G:0|R40L:0	R40C:10|R40L:10|R40G:10	H4C11:R40H	Brachycephaly ; Epicanthus ; Hypertelorism ; Intellectual disability, moderate ; Microcephaly ; Sensorineural hearing impairment ; Short stature
H4	H4R45	0.433089113	2	H4C11:G|H4C11:C	R45C:2|R45G:1	R45C:7|R45G:10	H4C5:R45C	Intellectual disability
H4	H4L58	0.865277423	1	H4C11:P	L58P:24	L58P:9		
H4	H4D68	0.947952765	1	H4C5:A	D68A:2	D68A:11		
H4	H4A76	1.002401423	1	H4C5:T	A76T:43	A76T:11		
H4	H4R78	0.80371304	1	H4C12:C	R78C:120	R78C:11		
H4	H4K79	0.580840854	1	H4C3:Q	K79Q:0	K79Q:11		
H4	H4K91	0	2	H4C3:Q|H4C8:R	K91Q:0|K91R:0	K91Q:11|K91R:11	H4C3:K91Q	4-5 toe syndactyly ; Abnormal renal corticomedullary differentiation ; Abnormality of the inner ear ; Aplasia/hypoplasia of the extremities ; Atrial septal defect ; Clinodactyly of the 5th finger ; Depressed nasal tip ; Global developmental delay ; Growth delay ; Hypoplasia of the cochlea ; Mandibular prognathia ; Microcephaly ; Microtia ; Preauricular skin tag ; Ptosis ; Renal corticomedullary cysts